{"stats":{"minecraft:custom":{"minecraft:time_since_rest":2961,"minecraft:sprint_one_cm":25368,"minecraft:damage_taken":35,"minecraft:walk_one_cm":11172,"minecraft:mob_kills":2,"minecraft:damage_dealt":160,"minecraft:interact_with_crafting_table":1,"minecraft:swim_one_cm":1016,"minecraft:talked_to_villager":4,"minecraft:fly_one_cm":39681,"minecraft:open_chest":4,"minecraft:crouch_one_cm":180,"minecraft:play_time":19113,"minecraft:sneak_time":199,"minecraft:walk_under_water_one_cm":364,"minecraft:jump":152,"minecraft:leave_game":6,"minecraft:time_since_death":19113,"minecraft:walk_on_water_one_cm":2134,"minecraft:sleep_in_bed":1,"minecraft:total_world_time":19113,"minecraft:fall_one_cm":3216},"minecraft:picked_up":{"iceandfire:copper_nugget":14,"minecraft:wheat":3,"minecraft:oak_log":6,"minecraft:dirt":6,"minecraft:wheat_seeds":8,"minecraft:gold_nugget":18,"minecraft:mutton":1,"iceandfire:silver_nugget":10,"minecraft:white_wool":2},"minecraft:used":{"minecraft:wooden_axe":20,"minecraft:dirt":6,"minecraft:crafting_table":1,"alexsmobs:animal_dictionary":3},"minecraft:mined":{"minecraft:white_bed":1,"iceandfire:copper_pile":2,"minecraft:grass":6,"minecraft:grass_block":2,"minecraft:oak_log":6,"iceandfire:silver_pile":3,"iceandfire:gold_pile":3,"minecraft:dirt":4,"minecraft:tall_grass":1,"minecraft:oak_leaves":1},"minecraft:killed":{"minecraft:sheep":2},"minecraft:crafted":{"minecraft:oak_planks":24,"minecraft:crafting_table":1,"minecraft:stick":8,"minecraft:wooden_axe":1}},"DataVersion":3465}