{"stats":{"minecraft:custom":{"minecraft:jump":17,"minecraft:time_since_rest":7706,"minecraft:crouch_one_cm":83,"minecraft:sprint_one_cm":2980,"minecraft:leave_game":2,"minecraft:play_time":7706,"minecraft:time_since_death":7706,"minecraft:walk_one_cm":1245,"minecraft:sneak_time":163,"minecraft:total_world_time":7706,"minecraft:fall_one_cm":685,"minecraft:fly_one_cm":5528},"minecraft:picked_up":{"minecraft:dirt":4},"minecraft:used":{"alexsmobs:animal_dictionary":3,"minecraft:dirt":3},"minecraft:mined":{"minecraft:grass_block":1,"minecraft:dirt":3}},"DataVersion":3465}