{"stats":{"minecraft:custom":{"minecraft:time_since_rest":13077,"minecraft:crouch_one_cm":83,"minecraft:sprint_one_cm":6223,"minecraft:play_time":13077,"minecraft:walk_one_cm":2009,"minecraft:sneak_time":163,"minecraft:jump":42,"minecraft:leave_game":5,"minecraft:time_since_death":13077,"minecraft:total_world_time":13077,"minecraft:interact_with_crafting_table":1,"minecraft:fall_one_cm":894,"minecraft:fly_one_cm":10181},"minecraft:picked_up":{"minecraft:oak_log":6,"minecraft:dirt":6},"minecraft:used":{"minecraft:dirt":6,"minecraft:crafting_table":1,"alexsmobs:animal_dictionary":3},"minecraft:mined":{"minecraft:grass_block":2,"minecraft:oak_log":6,"minecraft:dirt":4,"minecraft:oak_leaves":1},"minecraft:crafted":{"minecraft:oak_planks":24,"minecraft:crafting_table":1,"minecraft:stick":8,"minecraft:wooden_axe":1}},"DataVersion":3465}